Profile Name,Title Name,Country,Utc Title Add Date
Lil Jessie,The Noel Diary,United States,2022-12-26
Lil Jessie,Last Chance U: Basketball,United States,2022-12-18
Lil Jessie,Toni Morrison: The Pieces I Am,United States,2022-10-23
Lil Jessie,The Playlist,United States,2022-10-23
Lil Jessie,The Curse of Bridge Hollow,United States,2022-10-22
Lil Jessie,Descendant,United States,2022-10-22
Lil Jessie,Get Smart With Money,United States,2022-10-03
Lil Jessie,The Imperfects,United States,2022-09-21
Lil Jessie,Zero Dark Thirty,United States,2022-07-20
Lil Jessie,White Hot: The Rise & Fall of Abercrombie & Fitch,United States,2022-04-27
Lil Jessie,Arrested Development,United States,2022-04-17
Lil Jessie,Schitt's Creek,United States,2022-04-17
Lil Jessie,"Young, Famous & African",United States,2022-03-21
Lil Jessie,Raising Dion,United States,2022-02-07
Lil Jessie,In From the Cold,United States,2022-02-05
Lil Jessie,Cheer,United States,2022-02-01
Lil Jessie,The Standups,United States,2022-01-16
Lil Jessie,Fatherhood,United States,2022-01-10
Lil Jessie,Crime Scene: The Times Square Killer,United States,2022-01-05
Lil Jessie,Great Pretender,United States,2021-12-10
Lil Jessie,Peaky Blinders,United States,2021-11-15
Lil Jessie,Fullmetal Alchemist: Brotherhood,United States,2021-04-01
Lil Jessie,Miss Americana,United States,2021-01-19
Lil Jessie,The Queen's Gambit,United States,2020-12-25
Lil Jessie,American Horror Story,United States,2020-12-25
Lil Jessie,CAROLE & TUESDAY,United States,2020-10-01
Lil Jessie,Uppity: The Willy T. Ribbs Story,United States,2020-03-11
Lil Jessie,Deuces,United States,2019-05-22
